0,1
Datasets\captcha_images_v2\1fbd90.png,1fbd90
Datasets\captcha_images_v2\88c8a7.png,88c8a7
Datasets\captcha_images_v2\d08096.png,d08096
Datasets\captcha_images_v2\8a85b6.png,8a85b6
Datasets\captcha_images_v2\6f4bcf.png,6f4bcf
Datasets\captcha_images_v2\f5684c.png,f5684c
Datasets\captcha_images_v2\c05678.png,c05678
Datasets\captcha_images_v2\826a77.png,826a77
Datasets\captcha_images_v2\26a8a8.png,26a8a8
Datasets\captcha_images_v2\c12a12.png,c12a12
Datasets\captcha_images_v2\aed417.png,aed417
Datasets\captcha_images_v2\7d1b50.png,7d1b50
Datasets\captcha_images_v2\8343ba.png,8343ba
Datasets\captcha_images_v2\2a82d8.png,2a82d8
Datasets\captcha_images_v2\7cc82c.png,7cc82c
Datasets\captcha_images_v2\e169b6.png,e169b6
Datasets\captcha_images_v2\78ba24.png,78ba24
Datasets\captcha_images_v2\8bdcdd.png,8bdcdd
Datasets\captcha_images_v2\118212.png,118212
Datasets\captcha_images_v2\476f7e.png,476f7e
Datasets\captcha_images_v2\be61a5.png,be61a5
Datasets\captcha_images_v2\c7cdf0.png,c7cdf0
Datasets\captcha_images_v2\870e42.png,870e42
Datasets\captcha_images_v2\d6fbdb.png,d6fbdb
Datasets\captcha_images_v2\a1147f.png,a1147f
Datasets\captcha_images_v2\51f76d.png,51f76d
Datasets\captcha_images_v2\ec0b35.png,ec0b35
Datasets\captcha_images_v2\ee6730.png,ee6730
Datasets\captcha_images_v2\c0bafd.png,c0bafd
Datasets\captcha_images_v2\f26d26.png,f26d26
Datasets\captcha_images_v2\496292.png,496292
Datasets\captcha_images_v2\fac9b6.png,fac9b6
Datasets\captcha_images_v2\aa954e.png,aa954e
Datasets\captcha_images_v2\d2c9b0.png,d2c9b0
Datasets\captcha_images_v2\caa7a3.png,caa7a3
Datasets\captcha_images_v2\50c2db.png,50c2db
Datasets\captcha_images_v2\66c606.png,66c606
Datasets\captcha_images_v2\27b04b.png,27b04b
Datasets\captcha_images_v2\adbcb6.png,adbcb6
Datasets\captcha_images_v2\2d4c2f.png,2d4c2f
Datasets\captcha_images_v2\fbbd48.png,fbbd48
Datasets\captcha_images_v2\665bee.png,665bee
Datasets\captcha_images_v2\39d8a6.png,39d8a6
Datasets\captcha_images_v2\6e4a9b.png,6e4a9b
Datasets\captcha_images_v2\dddfb6.png,dddfb6
Datasets\captcha_images_v2\0322c1.png,0322c1
Datasets\captcha_images_v2\3853f9.png,3853f9
Datasets\captcha_images_v2\d2b1bd.png,d2b1bd
Datasets\captcha_images_v2\0d5c6b.png,0d5c6b
Datasets\captcha_images_v2\06beff.png,06beff
Datasets\captcha_images_v2\2ae77f.png,2ae77f
Datasets\captcha_images_v2\e8f989.png,e8f989
Datasets\captcha_images_v2\a62378.png,a62378
Datasets\captcha_images_v2\395ed3.png,395ed3
Datasets\captcha_images_v2\62ceae.png,62ceae
Datasets\captcha_images_v2\28cd81.png,28cd81
Datasets\captcha_images_v2\bb9dd4.png,bb9dd4
Datasets\captcha_images_v2\dd77c0.png,dd77c0
Datasets\captcha_images_v2\6bfdab.png,6bfdab
Datasets\captcha_images_v2\7fc5b3.png,7fc5b3
Datasets\captcha_images_v2\c8cd2f.png,c8cd2f
Datasets\captcha_images_v2\104bdd.png,104bdd
Datasets\captcha_images_v2\5efee9.png,5efee9
Datasets\captcha_images_v2\7afed2.png,7afed2
Datasets\captcha_images_v2\8b6501.png,8b6501
Datasets\captcha_images_v2\4fb369.png,4fb369
Datasets\captcha_images_v2\cc0610.png,cc0610
Datasets\captcha_images_v2\862706.png,862706
Datasets\captcha_images_v2\4f7ab6.png,4f7ab6
Datasets\captcha_images_v2\823701.png,823701
Datasets\captcha_images_v2\a869c9.png,a869c9
Datasets\captcha_images_v2\8eee72.png,8eee72
Datasets\captcha_images_v2\77c847.png,77c847
Datasets\captcha_images_v2\3c5176.png,3c5176
Datasets\captcha_images_v2\3f334b.png,3f334b
Datasets\captcha_images_v2\5f1987.png,5f1987
Datasets\captcha_images_v2\e3734e.png,e3734e
Datasets\captcha_images_v2\6c154c.png,6c154c
Datasets\captcha_images_v2\0a6fe4.png,0a6fe4
Datasets\captcha_images_v2\fcaa34.png,fcaa34
Datasets\captcha_images_v2\16bbe2.png,16bbe2
Datasets\captcha_images_v2\77ce86.png,77ce86
Datasets\captcha_images_v2\a93a33.png,a93a33
Datasets\captcha_images_v2\b7f4ff.png,b7f4ff
Datasets\captcha_images_v2\6d8e5f.png,6d8e5f
Datasets\captcha_images_v2\018184.png,018184
Datasets\captcha_images_v2\114ca0.png,114ca0
Datasets\captcha_images_v2\a3ecd3.png,a3ecd3
Datasets\captcha_images_v2\37f835.png,37f835
Datasets\captcha_images_v2\3ac905.png,3ac905
Datasets\captcha_images_v2\646cb7.png,646cb7
Datasets\captcha_images_v2\6a3b33.png,6a3b33
Datasets\captcha_images_v2\8085fb.png,8085fb
Datasets\captcha_images_v2\d48ae5.png,d48ae5
Datasets\captcha_images_v2\5876ef.png,5876ef
Datasets\captcha_images_v2\041ed9.png,041ed9
Datasets\captcha_images_v2\54c052.png,54c052
Datasets\captcha_images_v2\775ae9.png,775ae9
Datasets\captcha_images_v2\27b113.png,27b113
Datasets\captcha_images_v2\6287b3.png,6287b3
Datasets\captcha_images_v2\e7b11e.png,e7b11e
Datasets\captcha_images_v2\de32d3.png,de32d3
Datasets\captcha_images_v2\340b8d.png,340b8d
Datasets\captcha_images_v2\7839bd.png,7839bd
Datasets\captcha_images_v2\c78daf.png,c78daf
Datasets\captcha_images_v2\278d1c.png,278d1c
Datasets\captcha_images_v2\bb8fe0.png,bb8fe0
Datasets\captcha_images_v2\ab9242.png,ab9242
Datasets\captcha_images_v2\19d1de.png,19d1de
Datasets\captcha_images_v2\ff9211.png,ff9211
Datasets\captcha_images_v2\66619b.png,66619b
Datasets\captcha_images_v2\6c5dfc.png,6c5dfc
Datasets\captcha_images_v2\4d23f4.png,4d23f4
Datasets\captcha_images_v2\71b92f.png,71b92f
Datasets\captcha_images_v2\9185cb.png,9185cb
Datasets\captcha_images_v2\e66182.png,e66182
Datasets\captcha_images_v2\bc0d3e.png,bc0d3e
Datasets\captcha_images_v2\5a66ae.png,5a66ae
Datasets\captcha_images_v2\61280f.png,61280f
Datasets\captcha_images_v2\21129c.png,21129c
Datasets\captcha_images_v2\8877d0.png,8877d0
Datasets\captcha_images_v2\67b224.png,67b224
Datasets\captcha_images_v2\b382ac.png,b382ac
Datasets\captcha_images_v2\894778.png,894778
Datasets\captcha_images_v2\3b0331.png,3b0331
Datasets\captcha_images_v2\c8f77c.png,c8f77c
Datasets\captcha_images_v2\8a682c.png,8a682c
Datasets\captcha_images_v2\018f76.png,018f76
Datasets\captcha_images_v2\b28bd7.png,b28bd7
Datasets\captcha_images_v2\36075a.png,36075a
Datasets\captcha_images_v2\b6b025.png,b6b025
Datasets\captcha_images_v2\351aa4.png,351aa4
Datasets\captcha_images_v2\558564.png,558564
Datasets\captcha_images_v2\a6416d.png,a6416d
Datasets\captcha_images_v2\79646c.png,79646c
Datasets\captcha_images_v2\5bc49c.png,5bc49c
Datasets\captcha_images_v2\b2f9c9.png,b2f9c9
Datasets\captcha_images_v2\51dfab.png,51dfab
Datasets\captcha_images_v2\75a27f.png,75a27f
Datasets\captcha_images_v2\a58baa.png,a58baa
Datasets\captcha_images_v2\8a39e9.png,8a39e9
Datasets\captcha_images_v2\ab2aa8.png,ab2aa8
Datasets\captcha_images_v2\43b816.png,43b816
Datasets\captcha_images_v2\3deb8e.png,3deb8e
Datasets\captcha_images_v2\536a1c.png,536a1c
Datasets\captcha_images_v2\e41c6f.png,e41c6f
Datasets\captcha_images_v2\5090a0.png,5090a0
Datasets\captcha_images_v2\fa397e.png,fa397e
Datasets\captcha_images_v2\f66d74.png,f66d74
Datasets\captcha_images_v2\d2f6c1.png,d2f6c1
Datasets\captcha_images_v2\be7086.png,be7086
Datasets\captcha_images_v2\606858.png,606858
Datasets\captcha_images_v2\570aff.png,570aff
Datasets\captcha_images_v2\bc7b8c.png,bc7b8c
Datasets\captcha_images_v2\d840c6.png,d840c6
Datasets\captcha_images_v2\3a0081.png,3a0081
Datasets\captcha_images_v2\3e54d4.png,3e54d4
Datasets\captcha_images_v2\d5bdb3.png,d5bdb3
Datasets\captcha_images_v2\b1918f.png,b1918f
Datasets\captcha_images_v2\5508c5.png,5508c5
Datasets\captcha_images_v2\85f12b.png,85f12b
Datasets\captcha_images_v2\e44b42.png,e44b42
Datasets\captcha_images_v2\837787.png,837787
Datasets\captcha_images_v2\16f440.png,16f440
Datasets\captcha_images_v2\b7f320.png,b7f320
Datasets\captcha_images_v2\f35cc4.png,f35cc4
Datasets\captcha_images_v2\263ff2.png,263ff2
Datasets\captcha_images_v2\4518f7.png,4518f7
Datasets\captcha_images_v2\eb6dc3.png,eb6dc3
Datasets\captcha_images_v2\a08e40.png,a08e40
Datasets\captcha_images_v2\7bb4f2.png,7bb4f2
Datasets\captcha_images_v2\3d4052.png,3d4052
Datasets\captcha_images_v2\63b11b.png,63b11b
Datasets\captcha_images_v2\690db3.png,690db3
Datasets\captcha_images_v2\53a90f.png,53a90f
Datasets\captcha_images_v2\9d1a7d.png,9d1a7d
Datasets\captcha_images_v2\753eb6.png,753eb6
Datasets\captcha_images_v2\3cd835.png,3cd835
Datasets\captcha_images_v2\6ba384.png,6ba384
Datasets\captcha_images_v2\95d12e.png,95d12e
Datasets\captcha_images_v2\cd7c69.png,cd7c69
Datasets\captcha_images_v2\965d40.png,965d40
Datasets\captcha_images_v2\fb1a45.png,fb1a45
Datasets\captcha_images_v2\238741.png,238741
Datasets\captcha_images_v2\7908f9.png,7908f9
Datasets\captcha_images_v2\38c80f.png,38c80f
Datasets\captcha_images_v2\d33397.png,d33397
Datasets\captcha_images_v2\6cf151.png,6cf151
Datasets\captcha_images_v2\18c556.png,18c556
Datasets\captcha_images_v2\d76bf9.png,d76bf9
Datasets\captcha_images_v2\4ec3d0.png,4ec3d0
Datasets\captcha_images_v2\08a3bb.png,08a3bb
Datasets\captcha_images_v2\6bd18f.png,6bd18f
Datasets\captcha_images_v2\03c8be.png,03c8be
Datasets\captcha_images_v2\ed8bec.png,ed8bec
Datasets\captcha_images_v2\6564a1.png,6564a1
Datasets\captcha_images_v2\87b26d.png,87b26d
Datasets\captcha_images_v2\a64192.png,a64192
Datasets\captcha_images_v2\1b580a.png,1b580a
Datasets\captcha_images_v2\87e3c7.png,87e3c7
Datasets\captcha_images_v2\49c188.png,49c188
Datasets\captcha_images_v2\a1cb69.png,a1cb69
Datasets\captcha_images_v2\7e7144.png,7e7144
Datasets\captcha_images_v2\aa1c6f.png,aa1c6f
Datasets\captcha_images_v2\eade60.png,eade60
Datasets\captcha_images_v2\4554fb.png,4554fb
Datasets\captcha_images_v2\ff2174.png,ff2174
Datasets\captcha_images_v2\10d9ab.png,10d9ab
Datasets\captcha_images_v2\955304.png,955304
Datasets\captcha_images_v2\f0d398.png,f0d398
Datasets\captcha_images_v2\8a44b5.png,8a44b5
Datasets\captcha_images_v2\c0d6ed.png,c0d6ed
Datasets\captcha_images_v2\437e66.png,437e66
Datasets\captcha_images_v2\628919.png,628919
Datasets\captcha_images_v2\a96012.png,a96012
Datasets\captcha_images_v2\942f9a.png,942f9a
Datasets\captcha_images_v2\7c4e83.png,7c4e83
Datasets\captcha_images_v2\2f142f.png,2f142f
Datasets\captcha_images_v2\d04726.png,d04726
Datasets\captcha_images_v2\814580.png,814580
Datasets\captcha_images_v2\cbd17d.png,cbd17d
Datasets\captcha_images_v2\d956dc.png,d956dc
Datasets\captcha_images_v2\e8cbd9.png,e8cbd9
Datasets\captcha_images_v2\c11d02.png,c11d02
Datasets\captcha_images_v2\371ecc.png,371ecc
Datasets\captcha_images_v2\9f1612.png,9f1612
Datasets\captcha_images_v2\9747ee.png,9747ee
Datasets\captcha_images_v2\521ac5.png,521ac5
Datasets\captcha_images_v2\ffca62.png,ffca62
Datasets\captcha_images_v2\216fb3.png,216fb3
Datasets\captcha_images_v2\9e173b.png,9e173b
Datasets\captcha_images_v2\741c90.png,741c90
Datasets\captcha_images_v2\771f9f.png,771f9f
Datasets\captcha_images_v2\cce7be.png,cce7be
Datasets\captcha_images_v2\2a4057.png,2a4057
Datasets\captcha_images_v2\93cb9b.png,93cb9b
Datasets\captcha_images_v2\cf8182.png,cf8182
Datasets\captcha_images_v2\f0a453.png,f0a453
Datasets\captcha_images_v2\085031.png,085031
Datasets\captcha_images_v2\083a26.png,083a26
Datasets\captcha_images_v2\b5f6d7.png,b5f6d7
Datasets\captcha_images_v2\72600f.png,72600f
Datasets\captcha_images_v2\e0727a.png,e0727a
Datasets\captcha_images_v2\32ee24.png,32ee24
Datasets\captcha_images_v2\b67483.png,b67483
Datasets\captcha_images_v2\358fd0.png,358fd0
Datasets\captcha_images_v2\51530d.png,51530d
Datasets\captcha_images_v2\886841.png,886841
Datasets\captcha_images_v2\571d1e.png,571d1e
Datasets\captcha_images_v2\26cee6.png,26cee6
Datasets\captcha_images_v2\1bf20c.png,1bf20c
Datasets\captcha_images_v2\01a1d8.png,01a1d8
Datasets\captcha_images_v2\b25e07.png,b25e07
Datasets\captcha_images_v2\7e3b9b.png,7e3b9b
Datasets\captcha_images_v2\ed3042.png,ed3042
Datasets\captcha_images_v2\4c172e.png,4c172e
Datasets\captcha_images_v2\f629a0.png,f629a0
Datasets\captcha_images_v2\ba3a86.png,ba3a86
Datasets\captcha_images_v2\7ec445.png,7ec445
Datasets\captcha_images_v2\021572.png,021572
Datasets\captcha_images_v2\a13837.png,a13837
Datasets\captcha_images_v2\036a18.png,036a18
Datasets\captcha_images_v2\370088.png,370088
Datasets\captcha_images_v2\25a50d.png,25a50d
Datasets\captcha_images_v2\eff2ca.png,eff2ca
Datasets\captcha_images_v2\b84876.png,b84876
Datasets\captcha_images_v2\0261bc.png,0261bc
Datasets\captcha_images_v2\990d20.png,990d20
Datasets\captcha_images_v2\0ce786.png,0ce786
Datasets\captcha_images_v2\2653e5.png,2653e5
Datasets\captcha_images_v2\9fc13f.png,9fc13f
Datasets\captcha_images_v2\329557.png,329557
Datasets\captcha_images_v2\694088.png,694088
Datasets\captcha_images_v2\244d04.png,244d04
Datasets\captcha_images_v2\662343.png,662343
Datasets\captcha_images_v2\b4106e.png,b4106e
Datasets\captcha_images_v2\202cbe.png,202cbe
Datasets\captcha_images_v2\869529.png,869529
Datasets\captcha_images_v2\2fcbd4.png,2fcbd4
Datasets\captcha_images_v2\8db90a.png,8db90a
Datasets\captcha_images_v2\a188a8.png,a188a8
Datasets\captcha_images_v2\9722d8.png,9722d8
Datasets\captcha_images_v2\de1d40.png,de1d40
Datasets\captcha_images_v2\32f2a3.png,32f2a3
Datasets\captcha_images_v2\d0deca.png,d0deca
Datasets\captcha_images_v2\021f54.png,021f54
Datasets\captcha_images_v2\5d7164.png,5d7164
Datasets\captcha_images_v2\bcedd0.png,bcedd0
Datasets\captcha_images_v2\5b3f7d.png,5b3f7d
Datasets\captcha_images_v2\d6799f.png,d6799f
Datasets\captcha_images_v2\38dbce.png,38dbce
Datasets\captcha_images_v2\f7ab06.png,f7ab06
Datasets\captcha_images_v2\81a8ba.png,81a8ba
Datasets\captcha_images_v2\9da63d.png,9da63d
Datasets\captcha_images_v2\eab1d8.png,eab1d8
Datasets\captcha_images_v2\deae02.png,deae02
Datasets\captcha_images_v2\9a5423.png,9a5423
Datasets\captcha_images_v2\987bf1.png,987bf1
Datasets\captcha_images_v2\385375.png,385375
Datasets\captcha_images_v2\49045a.png,49045a
Datasets\captcha_images_v2\4ad8eb.png,4ad8eb
Datasets\captcha_images_v2\ba4252.png,ba4252
Datasets\captcha_images_v2\49e5c2.png,49e5c2
Datasets\captcha_images_v2\88f3bc.png,88f3bc
Datasets\captcha_images_v2\5277b3.png,5277b3
Datasets\captcha_images_v2\fd5f77.png,fd5f77
Datasets\captcha_images_v2\5c84ed.png,5c84ed
Datasets\captcha_images_v2\82d6bd.png,82d6bd
Datasets\captcha_images_v2\58fbfb.png,58fbfb
Datasets\captcha_images_v2\cfd5a3.png,cfd5a3
Datasets\captcha_images_v2\25cc61.png,25cc61
Datasets\captcha_images_v2\978510.png,978510
Datasets\captcha_images_v2\a4795a.png,a4795a
Datasets\captcha_images_v2\199c2a.png,199c2a
Datasets\captcha_images_v2\db938f.png,db938f
Datasets\captcha_images_v2\b5a63a.png,b5a63a
Datasets\captcha_images_v2\a866ec.png,a866ec
Datasets\captcha_images_v2\655c75.png,655c75
Datasets\captcha_images_v2\82bf2a.png,82bf2a
Datasets\captcha_images_v2\2f8961.png,2f8961
Datasets\captcha_images_v2\d36440.png,d36440
Datasets\captcha_images_v2\8995fa.png,8995fa
Datasets\captcha_images_v2\0c60dc.png,0c60dc
Datasets\captcha_images_v2\2dd1d3.png,2dd1d3
Datasets\captcha_images_v2\0c1d22.png,0c1d22
Datasets\captcha_images_v2\37adbe.png,37adbe
Datasets\captcha_images_v2\dcdf6a.png,dcdf6a
Datasets\captcha_images_v2\0d15a1.png,0d15a1
Datasets\captcha_images_v2\abb1a2.png,abb1a2
Datasets\captcha_images_v2\9e64aa.png,9e64aa
Datasets\captcha_images_v2\2f185e.png,2f185e
Datasets\captcha_images_v2\34df37.png,34df37
Datasets\captcha_images_v2\0bfae6.png,0bfae6
Datasets\captcha_images_v2\019c5b.png,019c5b
Datasets\captcha_images_v2\22f517.png,22f517
Datasets\captcha_images_v2\c9bd70.png,c9bd70
Datasets\captcha_images_v2\97fc78.png,97fc78
Datasets\captcha_images_v2\818130.png,818130
Datasets\captcha_images_v2\de3973.png,de3973
Datasets\captcha_images_v2\3c52c1.png,3c52c1
Datasets\captcha_images_v2\01ec74.png,01ec74
Datasets\captcha_images_v2\4481b2.png,4481b2
Datasets\captcha_images_v2\569e67.png,569e67
Datasets\captcha_images_v2\7c9269.png,7c9269
Datasets\captcha_images_v2\13c99d.png,13c99d
Datasets\captcha_images_v2\1a6a19.png,1a6a19
Datasets\captcha_images_v2\5cec1d.png,5cec1d
Datasets\captcha_images_v2\b3e848.png,b3e848
Datasets\captcha_images_v2\57cf62.png,57cf62
Datasets\captcha_images_v2\654e7b.png,654e7b
Datasets\captcha_images_v2\b71e67.png,b71e67
Datasets\captcha_images_v2\95719e.png,95719e
Datasets\captcha_images_v2\301159.png,301159
Datasets\captcha_images_v2\fe14c9.png,fe14c9
Datasets\captcha_images_v2\c026bb.png,c026bb
Datasets\captcha_images_v2\387141.png,387141
Datasets\captcha_images_v2\dcc883.png,dcc883
Datasets\captcha_images_v2\aa70d8.png,aa70d8
Datasets\captcha_images_v2\37a529.png,37a529
Datasets\captcha_images_v2\05e11b.png,05e11b
Datasets\captcha_images_v2\5ac985.png,5ac985
Datasets\captcha_images_v2\73f614.png,73f614
Datasets\captcha_images_v2\802b44.png,802b44
Datasets\captcha_images_v2\5dbfda.png,5dbfda
Datasets\captcha_images_v2\51090d.png,51090d
Datasets\captcha_images_v2\60dda5.png,60dda5
Datasets\captcha_images_v2\550af4.png,550af4
Datasets\captcha_images_v2\1a34b4.png,1a34b4
Datasets\captcha_images_v2\071504.png,071504
Datasets\captcha_images_v2\af061e.png,af061e
Datasets\captcha_images_v2\1eae8d.png,1eae8d
Datasets\captcha_images_v2\ac6ae5.png,ac6ae5
Datasets\captcha_images_v2\a83940.png,a83940
Datasets\captcha_images_v2\c1091a.png,c1091a
Datasets\captcha_images_v2\8d7fc5.png,8d7fc5
Datasets\captcha_images_v2\c3d8bd.png,c3d8bd
Datasets\captcha_images_v2\3ec4f1.png,3ec4f1
Datasets\captcha_images_v2\bac2c3.png,bac2c3
Datasets\captcha_images_v2\613316.png,613316
Datasets\captcha_images_v2\d032f6.png,d032f6
Datasets\captcha_images_v2\75d9ac.png,75d9ac
Datasets\captcha_images_v2\4d1dee.png,4d1dee
Datasets\captcha_images_v2\e26efb.png,e26efb
Datasets\captcha_images_v2\d75aa2.png,d75aa2
Datasets\captcha_images_v2\ac5cc6.png,ac5cc6
Datasets\captcha_images_v2\d169c8.png,d169c8
Datasets\captcha_images_v2\28e35f.png,28e35f
Datasets\captcha_images_v2\c5bf04.png,c5bf04
Datasets\captcha_images_v2\f68e03.png,f68e03
Datasets\captcha_images_v2\34873e.png,34873e
Datasets\captcha_images_v2\32717a.png,32717a
Datasets\captcha_images_v2\7885c4.png,7885c4
Datasets\captcha_images_v2\a6795d.png,a6795d
Datasets\captcha_images_v2\be53cf.png,be53cf
Datasets\captcha_images_v2\1bb12a.png,1bb12a
Datasets\captcha_images_v2\885389.png,885389
Datasets\captcha_images_v2\2c2b51.png,2c2b51
Datasets\captcha_images_v2\bf82c7.png,bf82c7
Datasets\captcha_images_v2\604b8f.png,604b8f
Datasets\captcha_images_v2\18d960.png,18d960
Datasets\captcha_images_v2\2c6f81.png,2c6f81
Datasets\captcha_images_v2\17a600.png,17a600
Datasets\captcha_images_v2\f95349.png,f95349
Datasets\captcha_images_v2\b11d19.png,b11d19
Datasets\captcha_images_v2\831c9d.png,831c9d
Datasets\captcha_images_v2\0589fe.png,0589fe
Datasets\captcha_images_v2\abd273.png,abd273
Datasets\captcha_images_v2\b23b4d.png,b23b4d
Datasets\captcha_images_v2\ad0886.png,ad0886
Datasets\captcha_images_v2\8eeec1.png,8eeec1
Datasets\captcha_images_v2\8cfba2.png,8cfba2
Datasets\captcha_images_v2\b183b6.png,b183b6
Datasets\captcha_images_v2\d8b1a1.png,d8b1a1
Datasets\captcha_images_v2\1ed314.png,1ed314
Datasets\captcha_images_v2\fbf024.png,fbf024
Datasets\captcha_images_v2\195268.png,195268
Datasets\captcha_images_v2\fc3cfa.png,fc3cfa
Datasets\captcha_images_v2\3d9067.png,3d9067
Datasets\captcha_images_v2\e1a632.png,e1a632
Datasets\captcha_images_v2\bd8206.png,bd8206
Datasets\captcha_images_v2\067cb3.png,067cb3
Datasets\captcha_images_v2\209dc3.png,209dc3
Datasets\captcha_images_v2\343d95.png,343d95
Datasets\captcha_images_v2\59f0c4.png,59f0c4
Datasets\captcha_images_v2\a13638.png,a13638
Datasets\captcha_images_v2\29b52a.png,29b52a
Datasets\captcha_images_v2\a298b1.png,a298b1
Datasets\captcha_images_v2\ce00ba.png,ce00ba
Datasets\captcha_images_v2\2c8337.png,2c8337
Datasets\captcha_images_v2\067c5a.png,067c5a
Datasets\captcha_images_v2\65e0b2.png,65e0b2
Datasets\captcha_images_v2\394128.png,394128
Datasets\captcha_images_v2\270cad.png,270cad
Datasets\captcha_images_v2\e562d3.png,e562d3
Datasets\captcha_images_v2\030c69.png,030c69
Datasets\captcha_images_v2\dc036c.png,dc036c
Datasets\captcha_images_v2\d9cdb3.png,d9cdb3
Datasets\captcha_images_v2\475a21.png,475a21
Datasets\captcha_images_v2\5d4492.png,5d4492
Datasets\captcha_images_v2\395e4e.png,395e4e
Datasets\captcha_images_v2\aeb048.png,aeb048
Datasets\captcha_images_v2\34d6f7.png,34d6f7
Datasets\captcha_images_v2\572fca.png,572fca
Datasets\captcha_images_v2\545ee0.png,545ee0
Datasets\captcha_images_v2\04abd9.png,04abd9
Datasets\captcha_images_v2\037ac4.png,037ac4
Datasets\captcha_images_v2\176a55.png,176a55
Datasets\captcha_images_v2\82e09b.png,82e09b
Datasets\captcha_images_v2\f2a50c.png,f2a50c
Datasets\captcha_images_v2\89d8d6.png,89d8d6
Datasets\captcha_images_v2\bfad10.png,bfad10
Datasets\captcha_images_v2\ba67a3.png,ba67a3
Datasets\captcha_images_v2\5c53a2.png,5c53a2
Datasets\captcha_images_v2\3a88b5.png,3a88b5
Datasets\captcha_images_v2\a8c499.png,a8c499
Datasets\captcha_images_v2\6559e4.png,6559e4
Datasets\captcha_images_v2\197c0a.png,197c0a
Datasets\captcha_images_v2\d6fb14.png,d6fb14
Datasets\captcha_images_v2\f1fbb7.png,f1fbb7
Datasets\captcha_images_v2\04d963.png,04d963
Datasets\captcha_images_v2\418a46.png,418a46
Datasets\captcha_images_v2\e7f1e1.png,e7f1e1
Datasets\captcha_images_v2\116239.png,116239
Datasets\captcha_images_v2\bce30b.png,bce30b
Datasets\captcha_images_v2\5f86c3.png,5f86c3
Datasets\captcha_images_v2\46ab57.png,46ab57
Datasets\captcha_images_v2\326569.png,326569
Datasets\captcha_images_v2\4a58a1.png,4a58a1
Datasets\captcha_images_v2\bafd22.png,bafd22
Datasets\captcha_images_v2\ec3734.png,ec3734
Datasets\captcha_images_v2\54d628.png,54d628
Datasets\captcha_images_v2\a7add5.png,a7add5
Datasets\captcha_images_v2\3b6809.png,3b6809
Datasets\captcha_images_v2\fb27df.png,fb27df
Datasets\captcha_images_v2\c8e248.png,c8e248
Datasets\captcha_images_v2\9b11f8.png,9b11f8
Datasets\captcha_images_v2\18d74f.png,18d74f
Datasets\captcha_images_v2\e54ec4.png,e54ec4
Datasets\captcha_images_v2\53bee7.png,53bee7
Datasets\captcha_images_v2\759051.png,759051
Datasets\captcha_images_v2\c98f08.png,c98f08
Datasets\captcha_images_v2\cbe10d.png,cbe10d
Datasets\captcha_images_v2\f79589.png,f79589
Datasets\captcha_images_v2\459997.png,459997
Datasets\captcha_images_v2\94ca38.png,94ca38
Datasets\captcha_images_v2\7c9867.png,7c9867
Datasets\captcha_images_v2\10efe6.png,10efe6
Datasets\captcha_images_v2\b46848.png,b46848
Datasets\captcha_images_v2\1a1ddf.png,1a1ddf
Datasets\captcha_images_v2\5503bb.png,5503bb
Datasets\captcha_images_v2\ce095a.png,ce095a
Datasets\captcha_images_v2\95bef3.png,95bef3
Datasets\captcha_images_v2\801b06.png,801b06
Datasets\captcha_images_v2\a2c164.png,a2c164
Datasets\captcha_images_v2\a6a753.png,a6a753
Datasets\captcha_images_v2\8cae2f.png,8cae2f
Datasets\captcha_images_v2\6ae3a7.png,6ae3a7
Datasets\captcha_images_v2\9ebf33.png,9ebf33
Datasets\captcha_images_v2\f72c8d.png,f72c8d
Datasets\captcha_images_v2\6260c7.png,6260c7
Datasets\captcha_images_v2\c6ddca.png,c6ddca
Datasets\captcha_images_v2\6aea74.png,6aea74
Datasets\captcha_images_v2\7bc49e.png,7bc49e
Datasets\captcha_images_v2\2d5e02.png,2d5e02
Datasets\captcha_images_v2\bfd080.png,bfd080
Datasets\captcha_images_v2\f09309.png,f09309
Datasets\captcha_images_v2\0d8d3e.png,0d8d3e
Datasets\captcha_images_v2\d9fb52.png,d9fb52
Datasets\captcha_images_v2\58dbc2.png,58dbc2
Datasets\captcha_images_v2\31dd3b.png,31dd3b
Datasets\captcha_images_v2\828a5c.png,828a5c
Datasets\captcha_images_v2\7f0b2d.png,7f0b2d
Datasets\captcha_images_v2\24a438.png,24a438
Datasets\captcha_images_v2\7a6498.png,7a6498
Datasets\captcha_images_v2\b0129a.png,b0129a
Datasets\captcha_images_v2\fcb478.png,fcb478
Datasets\captcha_images_v2\e29cbb.png,e29cbb
Datasets\captcha_images_v2\151611.png,151611
Datasets\captcha_images_v2\be3cc8.png,be3cc8
Datasets\captcha_images_v2\a89724.png,a89724
Datasets\captcha_images_v2\76d4b6.png,76d4b6
Datasets\captcha_images_v2\fc6581.png,fc6581
Datasets\captcha_images_v2\1ee3da.png,1ee3da
Datasets\captcha_images_v2\f1b5ca.png,f1b5ca
Datasets\captcha_images_v2\04dd48.png,04dd48
Datasets\captcha_images_v2\284a80.png,284a80
Datasets\captcha_images_v2\5110f9.png,5110f9
Datasets\captcha_images_v2\6f20e9.png,6f20e9
Datasets\captcha_images_v2\948469.png,948469
Datasets\captcha_images_v2\c67fdf.png,c67fdf
Datasets\captcha_images_v2\77af99.png,77af99
Datasets\captcha_images_v2\21b60b.png,21b60b
Datasets\captcha_images_v2\65cc9a.png,65cc9a
Datasets\captcha_images_v2\c96acd.png,c96acd
Datasets\captcha_images_v2\f28842.png,f28842
Datasets\captcha_images_v2\a88e8f.png,a88e8f
Datasets\captcha_images_v2\6726e8.png,6726e8
Datasets\captcha_images_v2\e899cd.png,e899cd
Datasets\captcha_images_v2\f1eb8f.png,f1eb8f
Datasets\captcha_images_v2\836268.png,836268
Datasets\captcha_images_v2\bf7f50.png,bf7f50
Datasets\captcha_images_v2\139b40.png,139b40
Datasets\captcha_images_v2\af7b44.png,af7b44
Datasets\captcha_images_v2\128cfd.png,128cfd
Datasets\captcha_images_v2\2797e0.png,2797e0
Datasets\captcha_images_v2\70b4b7.png,70b4b7
Datasets\captcha_images_v2\c9c099.png,c9c099
Datasets\captcha_images_v2\7301b8.png,7301b8
Datasets\captcha_images_v2\a5f02c.png,a5f02c
Datasets\captcha_images_v2\c7b98b.png,c7b98b
Datasets\captcha_images_v2\9de7cf.png,9de7cf
Datasets\captcha_images_v2\a16e77.png,a16e77
Datasets\captcha_images_v2\17583a.png,17583a
Datasets\captcha_images_v2\12400f.png,12400f
Datasets\captcha_images_v2\b55418.png,b55418
Datasets\captcha_images_v2\0c95d7.png,0c95d7
Datasets\captcha_images_v2\58eeef.png,58eeef
Datasets\captcha_images_v2\b0462a.png,b0462a
Datasets\captcha_images_v2\616f30.png,616f30
Datasets\captcha_images_v2\f8c70e.png,f8c70e
Datasets\captcha_images_v2\95bfe2.png,95bfe2
Datasets\captcha_images_v2\faeac3.png,faeac3
Datasets\captcha_images_v2\f98bf5.png,f98bf5
Datasets\captcha_images_v2\72c5a2.png,72c5a2
Datasets\captcha_images_v2\ffb3fd.png,ffb3fd
Datasets\captcha_images_v2\ff8e8b.png,ff8e8b
Datasets\captcha_images_v2\c65457.png,c65457
Datasets\captcha_images_v2\6cf64a.png,6cf64a
Datasets\captcha_images_v2\4911f5.png,4911f5
Datasets\captcha_images_v2\cba107.png,cba107
Datasets\captcha_images_v2\deac67.png,deac67
Datasets\captcha_images_v2\c05c01.png,c05c01
Datasets\captcha_images_v2\8be133.png,8be133
Datasets\captcha_images_v2\d13538.png,d13538
Datasets\captcha_images_v2\5e4f76.png,5e4f76
Datasets\captcha_images_v2\2443de.png,2443de
Datasets\captcha_images_v2\f7fde4.png,f7fde4
Datasets\captcha_images_v2\0ad35c.png,0ad35c
Datasets\captcha_images_v2\e9b11c.png,e9b11c
Datasets\captcha_images_v2\0e3779.png,0e3779
Datasets\captcha_images_v2\9db24c.png,9db24c
Datasets\captcha_images_v2\33a3a2.png,33a3a2
Datasets\captcha_images_v2\1a72f9.png,1a72f9
Datasets\captcha_images_v2\95f32b.png,95f32b
Datasets\captcha_images_v2\8632b8.png,8632b8
Datasets\captcha_images_v2\380122.png,380122
Datasets\captcha_images_v2\b27a50.png,b27a50
Datasets\captcha_images_v2\c5aef7.png,c5aef7
Datasets\captcha_images_v2\fcf9f8.png,fcf9f8
Datasets\captcha_images_v2\a08e63.png,a08e63
Datasets\captcha_images_v2\4432b4.png,4432b4
Datasets\captcha_images_v2\fa80a3.png,fa80a3
Datasets\captcha_images_v2\9a073c.png,9a073c
Datasets\captcha_images_v2\dd89c5.png,dd89c5
Datasets\captcha_images_v2\8e32fb.png,8e32fb
Datasets\captcha_images_v2\0e7681.png,0e7681
Datasets\captcha_images_v2\864d2b.png,864d2b
Datasets\captcha_images_v2\e200e2.png,e200e2
Datasets\captcha_images_v2\c7b7e7.png,c7b7e7
Datasets\captcha_images_v2\b1bf0e.png,b1bf0e
Datasets\captcha_images_v2\0a89e1.png,0a89e1
Datasets\captcha_images_v2\3f796d.png,3f796d
Datasets\captcha_images_v2\66c46b.png,66c46b
Datasets\captcha_images_v2\2068b9.png,2068b9
Datasets\captcha_images_v2\a5c481.png,a5c481
Datasets\captcha_images_v2\77e933.png,77e933
Datasets\captcha_images_v2\657f84.png,657f84
Datasets\captcha_images_v2\c3b30f.png,c3b30f
Datasets\captcha_images_v2\0e885f.png,0e885f
Datasets\captcha_images_v2\7a410e.png,7a410e
Datasets\captcha_images_v2\a009c0.png,a009c0
Datasets\captcha_images_v2\f9c3a7.png,f9c3a7
Datasets\captcha_images_v2\cce381.png,cce381
Datasets\captcha_images_v2\dd3cbb.png,dd3cbb
Datasets\captcha_images_v2\8199a5.png,8199a5
Datasets\captcha_images_v2\373cb8.png,373cb8
Datasets\captcha_images_v2\a2e9e0.png,a2e9e0
Datasets\captcha_images_v2\83c150.png,83c150
Datasets\captcha_images_v2\789c9a.png,789c9a
Datasets\captcha_images_v2\e67ad2.png,e67ad2
Datasets\captcha_images_v2\3fbf76.png,3fbf76
Datasets\captcha_images_v2\4040d1.png,4040d1
Datasets\captcha_images_v2\4e1861.png,4e1861
Datasets\captcha_images_v2\99dc50.png,99dc50
Datasets\captcha_images_v2\092a74.png,092a74
Datasets\captcha_images_v2\adf870.png,adf870
Datasets\captcha_images_v2\ec547e.png,ec547e
Datasets\captcha_images_v2\967c96.png,967c96
Datasets\captcha_images_v2\d7a731.png,d7a731
Datasets\captcha_images_v2\7f11bc.png,7f11bc
Datasets\captcha_images_v2\25fcc9.png,25fcc9
Datasets\captcha_images_v2\41ad9f.png,41ad9f
Datasets\captcha_images_v2\79df33.png,79df33
Datasets\captcha_images_v2\499096.png,499096
Datasets\captcha_images_v2\e90a55.png,e90a55
Datasets\captcha_images_v2\508270.png,508270
Datasets\captcha_images_v2\ebeee9.png,ebeee9
Datasets\captcha_images_v2\bbfc06.png,bbfc06
Datasets\captcha_images_v2\a98936.png,a98936
Datasets\captcha_images_v2\7dda43.png,7dda43
Datasets\captcha_images_v2\81d605.png,81d605
Datasets\captcha_images_v2\31aa80.png,31aa80
Datasets\captcha_images_v2\dc93bf.png,dc93bf
Datasets\captcha_images_v2\295454.png,295454
Datasets\captcha_images_v2\ac5d5c.png,ac5d5c
Datasets\captcha_images_v2\96576a.png,96576a
Datasets\captcha_images_v2\e29d20.png,e29d20
Datasets\captcha_images_v2\67f8df.png,67f8df
Datasets\captcha_images_v2\b47657.png,b47657
Datasets\captcha_images_v2\8c157e.png,8c157e
Datasets\captcha_images_v2\dca169.png,dca169
Datasets\captcha_images_v2\91732c.png,91732c
Datasets\captcha_images_v2\a5fecb.png,a5fecb
Datasets\captcha_images_v2\29192f.png,29192f
Datasets\captcha_images_v2\131f38.png,131f38
Datasets\captcha_images_v2\aedf54.png,aedf54
Datasets\captcha_images_v2\cc04d3.png,cc04d3
Datasets\captcha_images_v2\11d86b.png,11d86b
Datasets\captcha_images_v2\fe1041.png,fe1041
Datasets\captcha_images_v2\3f2b2c.png,3f2b2c
Datasets\captcha_images_v2\d5a32d.png,d5a32d
Datasets\captcha_images_v2\a8aeaf.png,a8aeaf
Datasets\captcha_images_v2\001b42.png,001b42
Datasets\captcha_images_v2\6a5130.png,6a5130
Datasets\captcha_images_v2\243dce.png,243dce
Datasets\captcha_images_v2\fda4c3.png,fda4c3
Datasets\captcha_images_v2\70ec36.png,70ec36
Datasets\captcha_images_v2\6f4202.png,6f4202
Datasets\captcha_images_v2\f3373c.png,f3373c
Datasets\captcha_images_v2\92ade3.png,92ade3
Datasets\captcha_images_v2\1e6af1.png,1e6af1
Datasets\captcha_images_v2\f73fb2.png,f73fb2
Datasets\captcha_images_v2\54b6df.png,54b6df
Datasets\captcha_images_v2\6c4b2c.png,6c4b2c
Datasets\captcha_images_v2\8f9b3d.png,8f9b3d
Datasets\captcha_images_v2\462c06.png,462c06
Datasets\captcha_images_v2\2f7542.png,2f7542
Datasets\captcha_images_v2\64f3ae.png,64f3ae
Datasets\captcha_images_v2\f04020.png,f04020
Datasets\captcha_images_v2\16aee8.png,16aee8
Datasets\captcha_images_v2\61dca3.png,61dca3
Datasets\captcha_images_v2\d78698.png,d78698
Datasets\captcha_images_v2\226504.png,226504
Datasets\captcha_images_v2\45c82c.png,45c82c
Datasets\captcha_images_v2\da7164.png,da7164
Datasets\captcha_images_v2\4ab11e.png,4ab11e
Datasets\captcha_images_v2\2e768e.png,2e768e
Datasets\captcha_images_v2\0c814a.png,0c814a
Datasets\captcha_images_v2\c186c6.png,c186c6
Datasets\captcha_images_v2\b6d4ae.png,b6d4ae
Datasets\captcha_images_v2\db965e.png,db965e
Datasets\captcha_images_v2\dd5316.png,dd5316
Datasets\captcha_images_v2\be2043.png,be2043
Datasets\captcha_images_v2\cbb3ca.png,cbb3ca
Datasets\captcha_images_v2\ed1898.png,ed1898
Datasets\captcha_images_v2\2615f3.png,2615f3
Datasets\captcha_images_v2\a12cbe.png,a12cbe
Datasets\captcha_images_v2\0bb176.png,0bb176
Datasets\captcha_images_v2\16fad1.png,16fad1
Datasets\captcha_images_v2\6ba704.png,6ba704
Datasets\captcha_images_v2\750af2.png,750af2
Datasets\captcha_images_v2\914e38.png,914e38
Datasets\captcha_images_v2\e42c9e.png,e42c9e
Datasets\captcha_images_v2\fdb1ff.png,fdb1ff
Datasets\captcha_images_v2\79e5a7.png,79e5a7
Datasets\captcha_images_v2\95e6de.png,95e6de
Datasets\captcha_images_v2\c00d60.png,c00d60
Datasets\captcha_images_v2\2534e0.png,2534e0
Datasets\captcha_images_v2\9aca28.png,9aca28
Datasets\captcha_images_v2\7670b0.png,7670b0
Datasets\captcha_images_v2\eff54c.png,eff54c
Datasets\captcha_images_v2\6c8f02.png,6c8f02
Datasets\captcha_images_v2\bfbeaf.png,bfbeaf
Datasets\captcha_images_v2\6ee317.png,6ee317
Datasets\captcha_images_v2\3eba89.png,3eba89
Datasets\captcha_images_v2\095735.png,095735
Datasets\captcha_images_v2\0da0e4.png,0da0e4
Datasets\captcha_images_v2\e1289d.png,e1289d
Datasets\captcha_images_v2\4e1267.png,4e1267
Datasets\captcha_images_v2\c069fb.png,c069fb
Datasets\captcha_images_v2\d5f6cf.png,d5f6cf
Datasets\captcha_images_v2\a8a429.png,a8a429
